{
  "dataset": "REDS4",
  "video_root": "data/vsr/REDS4",
  "checkpoint": "runs/vsr/VideoESPCN_Vimeo90K_x2_3f/Vimeo90K/exp_20260526_152716/best_model.pth",
  "arch": "VideoESPCN",
  "scale": 2,
  "num_frames": 3,
  "frames_evaluated": 400,
  "psnr": 31.26449035167694,
  "ssim": 0.9252853592839893,
  "temporal_consistency_error": 0.023723857011646032,
  "avg_inference_ms_per_frame": 3.5314885123079875,
  "estimated_fps": 283.16671469120956,
  "parameters": 12836,
  "macs": 2941747200,
  "flops": 5883494400
}