{
  "dataset": "REDS4",
  "video_root": "data/vsr/REDS4",
  "checkpoint": "runs/vsr/Final_VSRPlusPlus_Vimeo90K_x2_7f/Vimeo90K/exp_20260527_110148/best_model.pth",
  "arch": "VSRPlusPlus",
  "scale": 2,
  "num_frames": 7,
  "frames_evaluated": 400,
  "psnr": 31.228101358413696,
  "ssim": 0.9296751962398341,
  "temporal_consistency_error": 0.023481839103624225,
  "avg_inference_ms_per_frame": 947.4215171574542,
  "estimated_fps": 1.0554963993221274,
  "parameters": 1860997,
  "macs": 2586407731200,
  "flops": 5172815462400
}