Epoch,Model,Dataset,Train_Loss,Val_Loss,Val_PSNR,Val_SSIM,LR
1,ESPCN_Micro_FLIR_IISR_rgb_x4,FLIR-IISR,0.03292168574543107,0.004677005158949933,24.439386807620252,0.7052678889063395,0.001
2,ESPCN_Micro_FLIR_IISR_rgb_x4,FLIR-IISR,0.004320959683194733,0.004571258286056725,24.74098196421584,0.7962025425749827,0.001
